Temperature,Heatflow
[°C],[mW]
29.967140,-70.943237
30.268486,-139.592743
30.565041,-218.118134
30.870625,-276.870331
31.213556,-255.585342
31.565359,-215.542236
31.918823,-172.215973
32.270584,-132.734238
32.616051,-106.764267
32.959499,-85.177628
33.301277,-67.226646
33.642139,-51.297096
33.981010,-39.593918
34.319023,-29.751316
34.656101,-21.906979
34.992661,-15.177067
35.328304,-10.367940
35.663658,-6.187371
35.998692,-2.685322
36.333515,0.372850
36.668030,2.778825
37.002430,4.942661
37.336689,6.808987
37.670887,8.533996
38.004951,9.982510
38.338947,11.290733
38.672897,12.488515
39.006832,13.664837
39.340740,14.776975
39.674591,15.754610
40.008404,16.664629
40.342209,17.557472
40.675972,18.355591
41.009739,19.162716
41.343498,19.947712
41.677265,20.735254
42.010952,21.372490
42.344643,22.015556
42.678368,22.711285
43.012074,23.370781
43.345707,23.896603
43.679359,24.437393
44.013004,24.975348
44.346619,25.450455
44.680244,25.939762
45.013863,26.417921
45.347439,26.812466
45.681015,27.195080
46.014572,27.549021
46.348076,27.804695
46.681557,28.005455
47.015057,28.242826
47.348568,28.506065
47.682064,28.735460
48.015526,28.904078
48.348976,29.049967
48.682465,29.256292
49.015911,29.391722
49.349335,29.485907
49.682785,29.620455
50.016205,29.707907
50.349579,29.711544
50.682938,29.679668
51.016293,29.642910
51.349636,29.591763
51.682980,29.529720
52.016315,29.461172
52.349640,29.378410
52.682938,29.234650
53.016190,29.021149
53.349419,28.761414
53.682693,28.586996
54.016262,28.937725
54.349861,29.339905
54.683479,29.767651
55.017090,30.183245
55.350647,30.504646
55.684177,30.772793
56.017712,31.052431
56.351288,31.407761
56.684807,31.647524
57.018307,31.866543
57.351788,32.047791
57.685295,32.271275
58.018822,32.527496
58.352325,32.745167
58.685810,32.924812
59.019268,33.062946
59.352749,33.235355
59.686253,33.441544
60.019756,33.656204
60.353252,33.854706
60.686745,34.041733
61.020206,34.183681
61.353676,34.335011
61.687157,34.496075
62.020641,34.675270
62.354137,34.869316
62.687649,35.077568
63.021145,35.271240
63.354614,35.416519
63.688103,35.589783
64.021599,35.783413
64.355110,35.987720
64.688599,36.172565
65.022087,36.336857
65.355576,36.506626
65.689072,36.696732
66.022614,36.955547
66.356125,37.146889
66.689590,37.296062
67.023079,37.453518
67.356552,37.594875
67.690033,37.748840
68.023552,37.959339
68.357079,38.190929
68.690575,38.372196
69.024063,38.531532
69.357552,38.681355
69.691025,38.835178
70.024567,39.077862
70.358070,39.258156
70.691536,39.383343
71.025040,39.555107
71.358551,39.747665
71.692062,39.946903
72.025558,40.110737
72.359039,40.253933
72.692497,40.373726
73.025986,40.516754
73.359482,40.682621
73.692947,40.798954
74.026421,40.924576
74.359924,41.098351
74.693420,41.269081
75.026917,41.427837
75.360420,41.591396
75.693886,41.719692
76.027351,41.822304
76.360840,41.974819
76.694336,42.137749
77.027817,42.264141
77.361320,42.428413
77.694817,42.595970
78.028313,42.746078
78.361809,42.898487
78.695267,43.000633
79.028702,43.061668
79.362221,43.241566
79.695717,43.408302
80.029213,43.545959
80.362686,43.660328
80.696136,43.756626
81.029587,43.834465
81.363052,43.931252
81.696495,44.006283
82.029968,44.123966
82.363472,44.280224
82.696945,44.393227
83.030388,44.463917
83.363823,44.513134
83.697273,44.603790
84.030762,44.733727
84.364235,44.838711
84.697708,44.962437
85.031158,45.032436
85.364594,45.090767
85.698067,45.200226
86.031540,45.312218
86.364983,45.376038
86.698387,45.389427
87.031761,45.355358
87.365181,45.384956
87.698563,45.362663
88.031914,45.294548
88.365288,45.265965
88.698631,45.191643
89.032013,45.174877
89.365410,45.165581
89.698814,45.183708
90.032234,45.215439
90.365669,45.270199
90.699081,45.298805
91.032471,45.282799
91.365868,45.281956
91.699287,45.316494
92.032715,45.352978
92.366127,45.371197
92.699547,45.411663
93.032951,45.420700
93.366379,45.461823
93.699806,45.510441
94.033249,45.576214
94.366661,45.588242
94.700050,45.586220
95.033463,45.599510
95.366875,45.625992
95.700287,45.650154
96.033684,45.646500
96.367020,45.562569
96.700371,45.512001
97.033768,45.501434
97.367172,45.508663
97.700592,45.550797
98.033989,45.550461
98.367355,45.509533
98.700706,45.458069
99.034058,45.394791
99.367439,45.364029
99.700806,45.336929
100.034172,45.289604
100.367500,45.206360
100.700874,45.178127
101.034180,45.061043
101.367447,44.889282
101.700691,44.695244
102.033958,44.529144
102.367241,44.377945
102.700516,44.225040
103.033791,44.071156
103.367065,43.914425
103.700340,43.766449
104.033607,43.594471
104.366852,43.400986
104.700005,43.101475
105.033150,42.776566
105.366257,42.403648
105.699287,41.951195
106.032280,41.437527
106.365303,40.958904
106.698326,40.494415
107.031357,40.043468
107.363640,38.630798
107.694435,35.340439
108.023560,29.928011
108.352142,23.844849
108.683983,21.925449
109.017982,22.723820
109.353432,25.351078
109.689240,28.428890
110.024399,30.676374
110.359131,32.378159
110.693558,33.703125
111.027908,34.907780
111.362297,36.170601
111.696724,37.478546
112.031166,38.786720
112.365585,40.071304
112.699959,41.300537
113.034317,42.494904
113.368652,43.665531
113.702995,44.844891
114.037338,46.006615
114.371613,47.086372
114.705856,48.136482
115.040131,49.205811
115.374382,50.242134
115.708588,51.232399
116.042747,52.156532
116.376869,53.029877
116.710938,53.846153
117.045021,54.667953
117.379097,55.467545
117.713142,56.247551
118.047112,56.925343
118.381096,57.616779
118.715057,58.283600
119.049026,58.954517
119.383034,59.662373
119.717064,60.411484
120.051147,61.205456
120.385239,62.013962
120.719284,62.773369
121.053291,63.469803
121.387245,64.103813
121.721153,64.690056
122.054893,65.072182
122.388618,65.428406
122.722328,65.776924
123.056015,66.088646
123.389633,66.318802
123.723213,66.514015
124.056770,66.670227
124.390305,66.794365
124.723877,66.978905
125.057434,67.133652
125.391006,67.310387
125.724571,67.477859
126.058090,67.590858
126.391624,67.718300
126.725159,67.850098
127.058685,67.969833
127.392181,68.051178
127.725693,68.158905
128.059219,68.280212
128.392746,68.397118
128.726257,68.494942
129.059784,68.621765
129.393341,68.770996
129.726898,68.914078
130.060425,69.046539
130.393951,69.155495
130.727478,69.266060
131.060974,69.350731
131.394485,69.462723
131.728027,69.582581
132.061523,69.662735
132.394958,69.696281
132.728500,69.805786
133.062042,69.947914
133.395554,70.055199
133.729065,70.143013
134.062546,70.205734
134.396042,70.299423
134.729614,70.452385
135.063171,70.601418
135.396637,70.649086
135.730133,70.722748
136.063660,70.835083
136.397186,70.956230
136.730728,71.068634
137.064240,71.176994
137.397781,71.300522
137.731308,71.410568
138.064789,71.470825
138.398254,71.518906
138.731750,71.589447
139.065277,71.711456
139.398788,71.806313
139.732300,71.885902
140.065765,71.941628
140.399231,71.982475
140.732819,72.158455
141.066391,72.310364
141.399918,72.437973
141.733444,72.522964
142.066910,72.585091
142.400452,72.708191
142.734009,72.831726
143.067535,72.948395
143.401077,73.075333
143.734604,73.181900
144.068130,73.291809
144.401642,73.385269
144.735184,73.499680
145.068741,73.640221
145.402298,73.787041
145.735840,73.891014
146.069321,73.966560
146.402863,74.093613
146.736420,74.210579
147.069946,74.321831
147.403549,74.522141
147.737122,74.656761
148.070602,74.726059
148.404114,74.816910
148.737656,74.913536
149.071167,75.013016
149.404678,75.112190
149.738235,75.236267
150.071777,75.349869
150.405304,75.459480
150.738815,75.544624
151.072342,75.640862
151.405914,75.803856
151.739471,75.927444
152.072983,76.015930
152.406479,76.086685
152.740051,76.223862
153.073593,76.343559
153.407104,76.446251
153.740646,76.550850
154.074203,76.680054
154.407730,76.780045
154.741241,76.867538
155.074753,76.957855
155.408249,77.018715
155.741745,77.082291
156.075256,77.162041
156.408768,77.251831
156.742310,77.369759
157.075867,77.489639
157.409363,77.571991
157.742859,77.625702
158.076340,77.679146
158.409805,77.729691
158.743317,77.800285
159.076828,77.875313
159.410355,77.991913
159.743912,78.095634
160.077423,78.190773
160.410934,78.275093
160.744461,78.357735
161.077988,78.461143
161.411545,78.590279
161.745117,78.728149
162.078613,78.803604
162.412094,78.854813
162.745590,78.907791
163.079086,78.974091
163.412598,79.059113
163.746140,79.163345
164.079651,79.249588
164.413162,79.324631
164.746658,79.380615
165.080109,79.407532
165.413589,79.465721
165.747101,79.539459
166.080658,79.658577
166.414169,79.741241
166.747665,79.792313
167.081161,79.862068
167.414658,79.940575
167.748169,80.011009
168.081680,80.094208
168.415192,80.175461
168.748749,80.279274
169.082260,80.367874
169.415756,80.437683
169.749268,80.495483
170.082748,80.553917
170.416245,80.621262
170.749786,80.719704
171.083313,80.813416
171.416794,80.866608
171.750305,80.936569
172.083832,81.032181
172.417358,81.125740
172.750870,81.194504
173.084366,81.263794
173.417862,81.325027
173.751358,81.384720
174.084869,81.461113
174.418365,81.518593
174.751846,81.562302
175.085342,81.626472
175.418823,81.682480
175.752365,81.772171
176.085892,81.873093
176.419434,81.974274
176.752960,82.050270
177.086426,82.091805
177.419830,82.073570
177.753220,82.021767
178.086823,82.188339
178.420425,82.353333
178.753967,82.451988
179.087479,82.531364
179.421036,82.650070
179.754578,82.734261
180.088104,82.827377
180.421646,82.944725
180.755219,83.069534
181.088791,83.194138
181.422302,83.282257
181.755798,83.327377
182.089279,83.370392
182.422745,83.413918
182.756226,83.449295
183.089676,83.467850
183.423203,83.562386
183.756790,83.690155
184.090317,83.785049
184.423798,83.836548
184.757278,83.864220
185.090805,83.958267
185.424362,84.070038
185.757935,84.199478
186.091431,84.254021
186.424881,84.279877
186.758408,84.346985
187.091965,84.469872
187.425537,84.596962
187.759094,84.706993
188.092621,84.800797
188.426132,84.874222
188.759750,85.029915
189.093338,85.178864
189.426880,85.278618
189.760437,85.381798
190.093933,85.445946
190.427475,85.541710
190.761078,85.693069
191.094711,85.881096
191.428284,86.003281
191.761826,86.090683
192.095306,86.143906
192.428818,86.206001
192.762405,86.347366
193.095993,86.486633
193.429535,86.578186
193.763046,86.639923
194.096588,86.745895
194.430191,86.898232
194.763809,87.057869
195.097427,87.226112
195.430954,87.305458
195.764511,87.406723
196.098099,87.554077
196.431702,87.708023
196.765274,87.811501
197.098831,87.922447
197.432388,88.045723
197.765976,88.164665
198.099579,88.321434
198.433167,88.451256
198.766708,88.542656
199.100250,88.645149
199.433884,88.823120
199.767502,88.975861
200.101120,89.131454
200.434753,89.311317
200.768372,89.458984
201.101990,89.630417
201.435684,89.854568
201.769409,90.101379
202.103058,90.294807
202.436707,90.473137
202.770355,90.649452
203.104004,90.843849
203.437714,91.078445
203.771408,91.299599
204.105103,91.522087
204.438782,91.741219
204.772522,91.990456
205.106293,92.284653
205.440109,92.616348
205.773941,92.951271
206.107666,93.193939
206.441376,93.442329
206.775162,93.730827
207.108948,94.023170
207.442734,94.336037
207.776566,94.655159
208.110352,94.966393
208.444168,95.291039
208.778015,95.627838
209.111862,95.974556
209.445709,96.327072
209.779602,96.701004
210.113541,97.128448
210.447540,97.611855
210.781555,98.093948
211.115540,98.549759
211.449524,99.017700
211.783524,99.488052
212.117493,99.935928
212.451447,100.367004
212.785446,100.823936
213.119461,101.316734
213.453491,101.814934
213.787567,102.327644
214.121628,102.849396
214.455704,103.386887
214.789825,103.951263
215.123962,104.527298
215.458160,105.168304
215.792404,105.821243
216.126617,106.465401
216.460800,107.081032
216.795044,107.739960
217.129318,108.430878
217.463608,109.128510
217.797897,109.819771
218.132187,110.520874
218.466522,111.253342
218.800903,112.025436
219.135315,112.817596
219.469727,113.615036
219.804138,114.400223
220.138596,115.234344
220.473083,116.093811
220.807556,116.916245
221.142014,117.748558
221.476501,118.599548
221.811035,119.478355
222.145599,120.385757
222.480133,121.272003
222.814651,122.125290
223.149155,122.984985
223.483658,123.849609
223.818176,124.702652
224.152710,125.570114
224.487244,126.456963
224.821762,127.302155
225.156189,128.089539
225.490585,128.845139
225.824966,129.581070
226.159317,130.297668
226.493637,130.988098
226.827927,131.641312
227.162155,132.255966
227.496323,132.828003
227.830414,133.317047
228.164398,133.736450
228.498337,134.111023
228.832169,134.388336
229.165894,134.592148
229.499573,134.751221
229.833252,134.902756
230.166748,134.916550
230.500153,134.856506
230.833511,134.752594
231.166748,134.558960
231.499756,134.184372
231.832718,133.766235
232.165634,133.309052
232.498550,132.857635
232.831253,132.235229
233.163864,131.540314
233.496414,130.797852
233.828949,130.034653
234.161362,129.193878
234.493713,128.295761
234.825989,127.335258
235.158218,126.342659
235.490326,125.265053
235.822433,124.171982
236.154526,123.074570
236.486588,121.965569
236.818634,120.827782
237.150513,119.578041
237.482376,118.313408
237.814316,117.099480
238.146393,116.000282
238.478378,114.837990
238.810287,113.604698
239.142151,112.355316
239.474075,111.154510
239.806030,109.955040
240.137939,108.745834
240.469894,107.569778
240.801834,106.382233
241.133759,105.182426
241.465698,104.009926
241.797684,102.858070
242.129715,101.748001
242.461716,100.628616
242.793762,99.523346
243.125793,98.428825
243.457840,97.347313
243.789948,96.293976
244.122040,95.246162
244.454117,94.197166
244.786270,93.185921
245.118408,92.182701
245.450516,91.155640
245.782623,90.119164
246.114792,89.155693
246.447006,88.215263
246.779266,87.301270
247.111526,86.401428
247.443787,85.504822
247.776047,84.600189
248.108292,83.693665
248.440552,82.791710
248.772919,81.977280
249.105331,81.204346
249.437759,80.443115
249.770172,79.657593
250.102661,78.949097
250.435181,78.268608
250.767746,77.607346
251.100327,76.971748
251.432983,76.398071
251.765656,75.819115
252.098297,75.233017
252.430954,74.656120
252.763809,74.220749
253.096695,73.823959
253.429535,73.399506
253.762360,72.946823
254.095230,72.531998
254.428116,72.141006
254.761047,71.772751
255.093964,71.404984
255.426910,71.060249
255.759888,70.717445
256.092834,70.366074
256.425781,70.026329
256.758759,69.716347
257.091736,69.370750
257.424683,69.028847
257.757629,68.700066
258.090668,68.418182
258.423706,68.125732
258.756653,67.802437
259.089661,67.487450
259.422607,67.141335
259.755554,66.805145
260.088531,66.488129
260.421570,66.205284
260.754608,65.942131
261.087646,65.669418
261.420685,65.386322
261.753632,65.073257
262.086670,64.781815
262.419678,64.485764
262.752686,64.208618
263.085754,63.956631
263.418823,63.710999
263.751831,63.422138
264.084808,63.109245
264.417786,62.794209
264.750732,62.469116
265.083740,62.174164
265.416748,61.881790
265.749756,61.599640
266.082794,61.326469
266.415863,61.070660
266.748840,60.785828
267.081848,60.485397
267.414886,60.224216
267.747894,59.952274
268.080902,59.667915
268.413910,59.373665
268.746887,59.072372
269.079865,58.765129
269.412842,58.441040
269.745728,58.095940
270.078766,57.820011
270.411804,57.557938
270.744812,57.297676
271.077850,57.020531
271.410828,56.728325
271.743835,56.461510
272.076874,56.198700
272.409943,55.953178
272.742920,55.656994
273.075928,55.371441
273.408936,55.089916
273.741882,54.774242
274.074860,54.468121
274.407837,54.170509
274.740784,53.871120
275.073761,53.555927
275.406647,53.189491
275.739563,52.857182
276.072540,52.559296
276.405548,52.288227
276.738495,51.965782
277.071411,51.618706
277.404297,51.271538
277.737213,50.935337
278.070190,50.627865
278.403198,50.349854
278.736176,50.091122
279.069244,49.841434
279.402191,49.529556
279.735138,49.222500
280.068085,48.901276
280.401031,48.592499
280.734009,48.318069
281.067017,48.038368
281.399994,47.742321
281.732910,47.420109
282.065857,47.102032
282.398804,46.792637
282.731689,46.463757
283.064606,46.123402
283.397522,45.783089
283.730408,45.450031
284.063354,45.135780
284.396332,44.830429
284.729279,44.544720
285.062225,44.232502
285.395111,43.875633
285.727905,43.480358
286.060852,43.162579
286.393890,42.913433
286.726868,42.649109
287.059845,42.361916
287.392761,42.037643
287.725647,41.704048
288.058563,41.373852
288.391479,41.050766
288.724365,40.717018
289.057251,40.362350
289.390137,40.012260
289.723022,39.688004
290.055878,39.323174
290.388702,38.931164
290.721527,38.546272
291.054413,38.195000
291.387390,37.913246
291.720306,37.614769
292.053192,37.266003
292.386017,36.883785
292.718842,36.513927
293.051727,36.170578
293.384613,35.838860
293.717499,35.505932
294.050385,35.168575
294.383301,34.835121
294.716125,34.486794
295.048981,34.106823
295.381775,33.716251
295.714630,33.359459
296.047516,33.035355
296.380402,32.697712
296.713226,32.329449
297.046051,31.956417
297.378906,31.597115
297.711792,31.278095
298.044708,30.955553
298.377594,30.620733
298.710419,30.263996
299.043243,29.878689
299.376038,29.480034
299.708801,29.080500
300.041626,28.708941